1;49
2;52
3;83
4;86
5;87
6;103
7;106
8;107
9;113
10;116
11;117
12;120
13;121
14;152
15;155
16;156
17;172
18;175
19;176
20;182
21;185
22;186
23;189
24;190
25;191
26;207
27;210
28;211
29;217
30;220
31;221
32;224
33;225
34;226
35;232
36;235
37;236
38;239
39;240
40;241
41;244
42;245
43;246
44;277
45;280
46;281
47;297
48;300
49;301
50;307
51;310
52;311
53;314
54;315
55;316
56;332
57;335
58;336
59;342
60;345
61;346
62;349
63;350
64;351
65;357
66;360
67;361
68;364
69;365
70;366
71;369
72;370
73;371
74;372
75;388
76;391
77;392
78;398
79;401
80;402
81;405
82;406
83;407
84;413
85;416
86;417
87;420
88;421
89;422
90;425
91;426
92;427
93;428
94;434
95;437
96;438
97;441
98;442
99;443
100;446
101;447
102;448
103;449
104;452
105;453
106;454
107;455
108;486
109;489
110;490
111;506
112;509
113;510
114;516
115;519
116;520
117;523
118;524
119;525
120;541
121;544
122;545
123;551
124;554
125;555
126;558
127;559
128;560
129;566
130;569
131;570
132;573
133;574
134;575
135;578
136;579
137;580
138;581
139;597
140;600
141;601
142;607
143;610
144;611
145;614
146;615
147;616
148;622
149;625
150;626
151;629
152;630
153;631
154;634
155;635
156;636
157;637
158;643
159;646
160;647
161;650
162;651
163;652
164;655
165;656
166;657
167;658
168;661
169;662
170;663
171;664
172;665
173;681
174;684
175;685
176;691
177;694
178;695
179;698
180;699
181;700
182;706
183;709
184;710
185;713
186;714
187;715
188;718
189;719
190;720
191;721
192;727
193;730
194;731
195;734
196;735
197;736
198;739
199;740
200;741
201;742
202;745
203;746
204;747
205;748
206;749
207;755
208;758
209;759
210;762
211;763
212;764
213;767
214;768
215;769
216;770
217;773
218;774
219;775
220;776
221;777
222;780
223;781
224;782
225;783
226;784
227;817
228;818
229;837
230;838
231;847
232;848
233;851
234;852
235;853
236;872
237;873
238;882
239;883
240;886
241;887
242;888
243;897
244;898
245;901
246;902
247;903
248;906
249;907
250;908
251;909
252;928
253;929
254;938
255;939
256;942
257;943
258;944
259;953
260;954
261;957
262;958
263;959
264;962
265;963
266;964
267;965
268;974
269;975
270;978
271;979
272;980
273;983
274;984
275;985
276;986
277;989
278;990
279;991
280;992
281;993
282;1012
283;1013
284;1022
285;1023
286;1026
287;1027
288;1028
289;1037
290;1038
291;1041
292;1042
293;1043
294;1046
295;1047
296;1048
297;1049
298;1058
299;1059
300;1062
301;1063
302;1064
303;1067
304;1068
305;1069
306;1070
307;1073
308;1074
309;1075
310;1076
311;1077
312;1086
313;1087
314;1090
315;1091
316;1092
317;1095
318;1096
319;1097
320;1098
321;1101
322;1102
323;1103
324;1104
325;1105
326;1108
327;1109
328;1110
329;1111
330;1112
331;1113
332;1132
333;1133
334;1142
335;1143
336;1146
337;1147
338;1148
339;1157
340;1158
341;1161
342;1162
343;1163
344;1166
345;1167
346;1168
347;1169
348;1178
349;1179
350;1182
351;1183
352;1184
353;1187
354;1188
355;1189
356;1190
357;1193
358;1194
359;1195
360;1196
361;1197
362;1206
363;1207
364;1210
365;1211
366;1212
367;1215
368;1216
369;1217
370;1218
371;1221
372;1222
373;1223
374;1224
375;1225
376;1228
377;1229
378;1230
379;1231
380;1232
381;1233
382;1242
383;1243
384;1246
385;1247
386;1248
387;1251
388;1252
389;1253
390;1254
391;1257
392;1258
393;1259
394;1260
395;1261
396;1264
397;1265
398;1266
399;1267
400;1268
401;1269
402;1272
403;1273
404;1274
405;1275
406;1276
407;1277
408;1296
409;1297
410;1306
411;1307
412;1310
413;1311
414;1312
415;1321
416;1322
417;1325
418;1326
419;1327
420;1330
421;1331
422;1332
423;1333
424;1342
425;1343
426;1346
427;1347
428;1348
429;1351
430;1352
431;1353
432;1354
433;1357
434;1358
435;1359
436;1360
437;1361
438;1370
439;1371
440;1374
441;1375
442;1376
443;1379
444;1380
445;1381
446;1382
447;1385
448;1386
449;1387
450;1388
451;1389
452;1392
453;1393
454;1394
455;1395
456;1396
457;1397
458;1406
459;1407
460;1410
461;1411
462;1412
463;1415
464;1416
465;1417
466;1418
467;1421
468;1422
469;1423
470;1424
471;1425
472;1428
473;1429
474;1430
475;1431
476;1432
477;1433
478;1436
479;1437
480;1438
481;1439
482;1440
483;1441
484;1442
485;1452
486;1456
487;1457
488;1461
489;1462
490;1463
491;1467
492;1468
493;1469
494;1470
495;1474
496;1475
497;1476
498;1477
499;1478
500;1482
501;1483
502;1484
503;1485
504;1486
505;1487
506;1491
507;1492
508;1493
509;1494
510;1495
511;1496
512;1497
513;1516
514;1517
515;1526
516;1527
517;1530
518;1531
519;1532
520;1541
521;1542
522;1545
523;1546
524;1547
525;1550
526;1551
527;1552
528;1553
529;1562
530;1563
531;1566
532;1567
533;1568
534;1571
535;1572
536;1573
537;1574
538;1577
539;1578
540;1579
541;1580
542;1581
543;1590
544;1591
545;1594
546;1595
547;1596
548;1599
549;1600
550;1601
551;1602
552;1605
553;1606
554;1607
555;1608
556;1609
557;1612
558;1613
559;1614
560;1615
561;1616
562;1617
563;1626
564;1627
565;1630
566;1631
567;1632
568;1635
569;1636
570;1637
571;1638
572;1641
573;1642
574;1643
575;1644
576;1645
577;1648
578;1649
579;1650
580;1651
581;1652
582;1653
583;1656
584;1657
585;1658
586;1659
587;1660
588;1661
589;1662
590;1672
591;1676
592;1677
593;1681
594;1682
595;1683
596;1687
597;1688
598;1689
599;1690
600;1694
601;1695
602;1696
603;1697
604;1698
605;1702
606;1703
607;1704
608;1705
609;1706
610;1707
611;1711
612;1712
613;1713
614;1714
615;1715
616;1716
617;1717
618;1736
619;1737
620;1746
621;1747
622;1750
623;1751
624;1752
625;1761
626;1762
627;1765
628;1766
629;1767
630;1770
631;1771
632;1772
633;1773
634;1782
635;1783
636;1786
637;1787
638;1788
639;1791
640;1792
641;1793
642;1794
643;1797
644;1798
645;1799
646;1800
647;1801
648;1810
649;1811
650;1814
651;1815
652;1816
653;1819
654;1820
655;1821
656;1822
657;1825
658;1826
659;1827
660;1828
661;1829
662;1832
663;1833
664;1834
665;1835
666;1836
667;1837
668;1846
669;1847
670;1850
671;1851
672;1852
673;1855
674;1856
675;1857
676;1858
677;1861
678;1862
679;1863
680;1864
681;1865
682;1868
683;1869
684;1870
685;1871
686;1872
687;1873
688;1876
689;1877
690;1878
691;1879
692;1880
693;1881
694;1882
695;1892
696;1896
697;1897
698;1901
699;1902
700;1903
701;1907
702;1908
703;1909
704;1910
705;1914
706;1915
707;1916
708;1917
709;1918
710;1922
711;1923
712;1924
713;1925
714;1926
715;1927
716;1931
717;1932
718;1933
719;1934
720;1935
721;1936
722;1937
723;1956
724;1957
725;1966
726;1967
727;1970
728;1971
729;1972
730;1981
731;1982
732;1985
733;1986
734;1987
735;1990
736;1991
737;1992
738;1993
739;2002
740;2003
741;2006
742;2007
743;2008
744;2011
745;2012
746;2013
747;2014
748;2017
749;2018
750;2019
751;2020
752;2021
753;2030
754;2031
755;2034
756;2035
757;2036
758;2039
759;2040
760;2041
761;2042
762;2045
763;2046
764;2047
765;2048
766;2049
767;2052
768;2053
769;2054
770;2055
771;2056
772;2057
773;2066
774;2067
775;2070
776;2071
777;2072
778;2075
779;2076
780;2077
781;2078
782;2081
783;2082
784;2083
785;2084
786;2085
787;2088
788;2089
789;2090
790;2091
791;2092
792;2093
793;2096
794;2097
795;2098
796;2099
797;2100
798;2101
799;2102
800;2112
801;2116
802;2117
803;2121
804;2122
805;2123
806;2127
807;2128
808;2129
809;2130
810;2134
811;2135
812;2136
813;2137
814;2138
815;2142
816;2143
817;2144
818;2145
819;2146
820;2147
821;2151
822;2152
823;2153
824;2154
825;2155
826;2156
827;2157
828;2176
829;2177
830;2186
831;2187
832;2190
833;2191
834;2192
835;2201
836;2202
837;2205
838;2206
839;2207
840;2210
841;2211
842;2212
843;2213
844;2222
845;2223
846;2226
847;2227
848;2228
849;2231
850;2232
851;2233
852;2234
853;2237
854;2238
855;2239
856;2240
857;2241
858;2250
859;2251
860;2254
861;2255
862;2256
863;2259
864;2260
865;2261
866;2262
867;2265
868;2266
869;2267
870;2268
871;2269
872;2272
873;2273
874;2274
875;2275
876;2276
877;2277
878;2286
879;2287
880;2290
881;2291
882;2292
883;2295
884;2296
885;2297
886;2298
887;2301
888;2302
889;2303
890;2304
891;2305
892;2308
893;2309
894;2310
895;2311
896;2312
897;2313
898;2316
899;2317
900;2318
901;2319
902;2320
903;2321
904;2322
905;2331
906;2332
907;2335
908;2336
909;2337
910;2340
911;2341
912;2342
913;2343
914;2346
915;2347
916;2348
917;2349
918;2350
919;2353
920;2354
921;2355
922;2356
923;2357
924;2358
925;2361
926;2362
927;2363
928;2364
929;2365
930;2366
931;2367
932;2370
933;2371
934;2372
935;2373
936;2374
937;2375
938;2376
939;2377
940;2393
941;2396
942;2397
943;2403
944;2406
945;2407
946;2410
947;2411
948;2412
949;2418
950;2421
951;2422
952;2425
953;2426
954;2427
955;2430
956;2431
957;2432
958;2433
959;2439
960;2442
961;2443
962;2446
963;2447
964;2448
965;2451
966;2452
967;2453
968;2454
969;2457
970;2458
971;2459
972;2460
973;2461
974;2467
975;2470
976;2471
977;2474
978;2475
979;2476
980;2479
981;2480
982;2481
983;2482
984;2485
985;2486
986;2487
987;2488
988;2489
989;2492
990;2493
991;2494
992;2495
993;2496
994;2497
995;2503
996;2506
997;2507
998;2510
999;2511
1000;2512
1001;2515
1002;2516
1003;2517
1004;2518
1005;2521
1006;2522
1007;2523
1008;2524
1009;2525
1010;2528
1011;2529
1012;2530
1013;2531
1014;2532
1015;2533
1016;2536
1017;2537
1018;2538
1019;2539
1020;2540
1021;2541
1022;2542
1023;2551
1024;2552
1025;2555
1026;2556
1027;2557
1028;2560
1029;2561
1030;2562
1031;2563
1032;2566
1033;2567
1034;2568
1035;2569
1036;2570
1037;2573
1038;2574
1039;2575
1040;2576
1041;2577
1042;2578
1043;2581
1044;2582
1045;2583
1046;2584
1047;2585
1048;2586
1049;2587
1050;2590
1051;2591
1052;2592
1053;2593
1054;2594
1055;2595
1056;2596
1057;2597
1058;2613
1059;2616
1060;2617
1061;2623
1062;2626
1063;2627
1064;2630
1065;2631
1066;2632
1067;2638
1068;2641
1069;2642
1070;2645
1071;2646
1072;2647
1073;2650
1074;2651
1075;2652
1076;2653
1077;2659
1078;2662
1079;2663
1080;2666
1081;2667
1082;2668
1083;2671
1084;2672
1085;2673
1086;2674
1087;2677
1088;2678
1089;2679
1090;2680
1091;2681
1092;2687
1093;2690
1094;2691
1095;2694
1096;2695
1097;2696
1098;2699
1099;2700
1100;2701
1101;2702
1102;2705
1103;2706
1104;2707
1105;2708
1106;2709
1107;2712
1108;2713
1109;2714
1110;2715
1111;2716
1112;2717
1113;2723
1114;2726
1115;2727
1116;2730
1117;2731
1118;2732
1119;2735
1120;2736
1121;2737
1122;2738
1123;2741
1124;2742
1125;2743
1126;2744
1127;2745
1128;2748
1129;2749
1130;2750
1131;2751
1132;2752
1133;2753
1134;2756
1135;2757
1136;2758
1137;2759
1138;2760
1139;2761
1140;2762
1141;2771
1142;2772
1143;2775
1144;2776
1145;2777
1146;2780
1147;2781
1148;2782
1149;2783
1150;2786
1151;2787
1152;2788
1153;2789
1154;2790
1155;2793
1156;2794
1157;2795
1158;2796
1159;2797
1160;2798
1161;2801
1162;2802
1163;2803
1164;2804
1165;2805
1166;2806
1167;2807
1168;2810
1169;2811
1170;2812
1171;2813
1172;2814
1173;2815
1174;2816
1175;2817
1176;2833
1177;2836
1178;2837
1179;2843
1180;2846
1181;2847
1182;2850
1183;2851
1184;2852
1185;2858
1186;2861
1187;2862
1188;2865
1189;2866
1190;2867
1191;2870
1192;2871
1193;2872
1194;2873
1195;2879
1196;2882
1197;2883
1198;2886
1199;2887
1200;2888
1201;2891
1202;2892
1203;2893
1204;2894
1205;2897
1206;2898
1207;2899
1208;2900
1209;2901
1210;2907
1211;2910
1212;2911
1213;2914
1214;2915
1215;2916
1216;2919
1217;2920
1218;2921
1219;2922
1220;2925
1221;2926
1222;2927
1223;2928
1224;2929
1225;2932
1226;2933
1227;2934
1228;2935
1229;2936
1230;2937
1231;2943
1232;2946
1233;2947
1234;2950
1235;2951
1236;2952
1237;2955
1238;2956
1239;2957
1240;2958
1241;2961
1242;2962
1243;2963
1244;2964
1245;2965
1246;2968
1247;2969
1248;2970
1249;2971
1250;2972
1251;2973
1252;2976
1253;2977
1254;2978
1255;2979
1256;2980
1257;2981
1258;2982
1259;2991
1260;2992
1261;2995
1262;2996
1263;2997
1264;3000
1265;3001
1266;3002
1267;3003
1268;3006
1269;3007
1270;3008
1271;3009
1272;3010
1273;3013
1274;3014
1275;3015
1276;3016
1277;3017
1278;3018
1279;3021
1280;3022
1281;3023
1282;3024
1283;3025
1284;3026
1285;3027
1286;3030
1287;3031
1288;3032
1289;3033
1290;3034
1291;3035
1292;3036
1293;3037
1294;3053
1295;3056
1296;3057
1297;3063
1298;3066
1299;3067
1300;3070
1301;3071
1302;3072
1303;3078
1304;3081
1305;3082
1306;3085
1307;3086
1308;3087
1309;3090
1310;3091
1311;3092
1312;3093
1313;3099
1314;3102
1315;3103
1316;3106
1317;3107
1318;3108
1319;3111
1320;3112
1321;3113
1322;3114
1323;3117
1324;3118
1325;3119
1326;3120
1327;3121
1328;3127
1329;3130
1330;3131
1331;3134
1332;3135
1333;3136
1334;3139
1335;3140
1336;3141
1337;3142
1338;3145
1339;3146
1340;3147
1341;3148
1342;3149
1343;3152
1344;3153
1345;3154
1346;3155
1347;3156
1348;3157
1349;3163
1350;3166
1351;3167
1352;3170
1353;3171
1354;3172
1355;3175
1356;3176
1357;3177
1358;3178
1359;3181
1360;3182
1361;3183
1362;3184
1363;3185
1364;3188
1365;3189
1366;3190
1367;3191
1368;3192
1369;3193
1370;3196
1371;3197
1372;3198
1373;3199
1374;3200
1375;3201
1376;3202
1377;3211
1378;3212
1379;3215
1380;3216
1381;3217
1382;3220
1383;3221
1384;3222
1385;3223
1386;3226
1387;3227
1388;3228
1389;3229
1390;3230
1391;3233
1392;3234
1393;3235
1394;3236
1395;3237
1396;3238
1397;3241
1398;3242
1399;3243
1400;3244
1401;3245
1402;3246
1403;3247
1404;3250
1405;3251
1406;3252
1407;3253
1408;3254
1409;3255
1410;3256
1411;3257
1412;3273
1413;3276
1414;3277
1415;3283
1416;3286
1417;3287
1418;3290
1419;3291
1420;3292
1421;3298
1422;3301
1423;3302
1424;3305
1425;3306
1426;3307
1427;3310
1428;3311
1429;3312
1430;3313
1431;3319
1432;3322
1433;3323
1434;3326
1435;3327
1436;3328
1437;3331
1438;3332
1439;3333
1440;3334
1441;3337
1442;3338
1443;3339
1444;3340
1445;3341
1446;3347
1447;3350
1448;3351
1449;3354
1450;3355
1451;3356
1452;3359
1453;3360
1454;3361
1455;3362
1456;3365
1457;3366
1458;3367
1459;3368
1460;3369
1461;3372
1462;3373
1463;3374
1464;3375
1465;3376
1466;3377
1467;3383
1468;3386
1469;3387
1470;3390
1471;3391
1472;3392
1473;3395
1474;3396
1475;3397
1476;3398
1477;3401
1478;3402
1479;3403
1480;3404
1481;3405
1482;3408
1483;3409
1484;3410
1485;3411
1486;3412
1487;3413
1488;3416
1489;3417
1490;3418
1491;3419
1492;3420
1493;3421
1494;3422
1495;3431
1496;3432
1497;3435
1498;3436
1499;3437
1500;3440
1501;3441
1502;3442
1503;3443
1504;3446
1505;3447
1506;3448
1507;3449
1508;3450
1509;3453
1510;3454
1511;3455
1512;3456
1513;3457
1514;3458
1515;3461
1516;3462
1517;3463
1518;3464
1519;3465
1520;3466
1521;3467
1522;3470
1523;3471
1524;3472
1525;3473
1526;3474
1527;3475
1528;3476
1529;3477
1530;3493
1531;3496
1532;3497
1533;3503
1534;3506
1535;3507
1536;3510
1537;3511
1538;3512
1539;3518
1540;3521
1541;3522
1542;3525
1543;3526
1544;3527
1545;3530
1546;3531
1547;3532
1548;3533
1549;3539
1550;3542
1551;3543
1552;3546
1553;3547
1554;3548
1555;3551
1556;3552
1557;3553
1558;3554
1559;3557
1560;3558
1561;3559
1562;3560
1563;3561
1564;3567
1565;3570
1566;3571
1567;3574
1568;3575
1569;3576
1570;3579
1571;3580
1572;3581
1573;3582
1574;3585
1575;3586
1576;3587
1577;3588
1578;3589
1579;3592
1580;3593
1581;3594
1582;3595
1583;3596
1584;3597
1585;3603
1586;3606
1587;3607
1588;3610
1589;3611
1590;3612
1591;3615
1592;3616
1593;3617
1594;3618
1595;3621
1596;3622
1597;3623
1598;3624
1599;3625
1600;3628
1601;3629
1602;3630
1603;3631
1604;3632
1605;3633
1606;3636
1607;3637
1608;3638
1609;3639
1610;3640
1611;3641
1612;3642
1613;3651
1614;3652
1615;3655
1616;3656
1617;3657
1618;3660
1619;3661
1620;3662
1621;3663
1622;3666
1623;3667
1624;3668
1625;3669
1626;3670
1627;3673
1628;3674
1629;3675
1630;3676
1631;3677
1632;3678
1633;3681
1634;3682
1635;3683
1636;3684
1637;3685
1638;3686
1639;3687
1640;3690
1641;3691
1642;3692
1643;3693
1644;3694
1645;3695
1646;3696
1647;3697
1648;3713
1649;3716
1650;3717
1651;3723
1652;3726
1653;3727
1654;3730
1655;3731
1656;3732
1657;3738
1658;3741
1659;3742
1660;3745
1661;3746
1662;3747
1663;3750
1664;3751
1665;3752
1666;3753
1667;3759
1668;3762
1669;3763
1670;3766
1671;3767
1672;3768
1673;3771
1674;3772
1675;3773
1676;3774
1677;3777
1678;3778
1679;3779
1680;3780
1681;3781
1682;3787
1683;3790
1684;3791
1685;3794
1686;3795
1687;3796
1688;3799
1689;3800
1690;3801
1691;3802
1692;3805
1693;3806
1694;3807
1695;3808
1696;3809
1697;3812
1698;3813
1699;3814
1700;3815
1701;3816
1702;3817
1703;3823
1704;3826
1705;3827
1706;3830
1707;3831
1708;3832
1709;3835
1710;3836
1711;3837
1712;3838
1713;3841
1714;3842
1715;3843
1716;3844
1717;3845
1718;3848
1719;3849
1720;3850
1721;3851
1722;3852
1723;3853
1724;3856
1725;3857
1726;3858
1727;3859
1728;3860
1729;3861
1730;3862
1731;3871
1732;3872
1733;3875
1734;3876
1735;3877
1736;3880
1737;3881
1738;3882
1739;3883
1740;3886
1741;3887
1742;3888
1743;3889
1744;3890
1745;3893
1746;3894
1747;3895
1748;3896
1749;3897
1750;3898
1751;3901
1752;3902
1753;3903
1754;3904
1755;3905
1756;3906
1757;3907
1758;3910
1759;3911
1760;3912
1761;3913
1762;3914
1763;3915
1764;3916
1765;3917
1766;3936
1767;3937
1768;3946
1769;3947
1770;3950
1771;3951
1772;3952
1773;3961
1774;3962
1775;3965
1776;3966
1777;3967
1778;3970
1779;3971
1780;3972
1781;3973
1782;3982
1783;3983
1784;3986
1785;3987
1786;3988
1787;3991
1788;3992
1789;3993
1790;3994
1791;3997
1792;3998
1793;3999
1794;4000
1795;4001
1796;4010
1797;4011
1798;4014
1799;4015
1800;4016
1801;4019
1802;4020
1803;4021
1804;4022
1805;4025
1806;4026
1807;4027
1808;4028
1809;4029
1810;4032
1811;4033
1812;4034
1813;4035
1814;4036
1815;4037
1816;4046
1817;4047
1818;4050
1819;4051
1820;4052
1821;4055
1822;4056
1823;4057
1824;4058
1825;4061
1826;4062
1827;4063
1828;4064
1829;4065
1830;4068
1831;4069
1832;4070
1833;4071
1834;4072
1835;4073
1836;4076
1837;4077
1838;4078
1839;4079
1840;4080
1841;4081
1842;4082
1843;4091
1844;4092
1845;4095
1846;4096
1847;4097
1848;4100
1849;4101
1850;4102
1851;4103
1852;4106
1853;4107
1854;4108
1855;4109
1856;4110
1857;4113
1858;4114
1859;4115
1860;4116
1861;4117
1862;4118
1863;4121
1864;4122
1865;4123
1866;4124
1867;4125
1868;4126
1869;4127
1870;4130
1871;4131
1872;4132
1873;4133
1874;4134
1875;4135
1876;4136
1877;4137
1878;4141
1879;4142
1880;4143
1881;4144
1882;4145
1883;4146
1884;4147
1885;4148
1886;4152
1887;4153
1888;4154
1889;4155
1890;4156
1891;4157
1892;4158
1893;4159
1894;4161
1895;4162
1896;4163
1897;4164
1898;4165
1899;4166
1900;4167
1901;4168
1902;4169
1903;4170
1904;4174
1905;4175
1906;4176
1907;4177
1908;4178
1909;4179
1910;4180
1911;4181
1912;4183
1913;4184
1914;4185
1915;4186
1916;4187
1917;4188
1918;4189
1919;4190
1920;4191
1921;4192
1922;4194
1923;4195
1924;4196
1925;4197
1926;4198
1927;4199
1928;4200
1929;4201
1930;4202
1931;4203
1932;4207
1933;4208
1934;4209
1935;4210
1936;4211
1937;4212
1938;4213
1939;4214
1940;4216
1941;4217
1942;4218
1943;4219
1944;4220
1945;4221
1946;4222
1947;4223
1948;4224
1949;4225
1950;4227
1951;4228
1952;4229
1953;4230
1954;4231
1955;4232
1956;4233
1957;4234
1958;4235
1959;4236
1960;4238
1961;4239
1962;4240
1963;4241
1964;4242
1965;4243
1966;4244
1967;4245
1968;4246
1969;4247
1970;4250
1971;4251
1972;4252
1973;4253
1974;4254
1975;4255
1976;4256
1977;4257
1978;4258
1979;4260
1980;4261
1981;4262
1982;4263
1983;4264
1984;4265
1985;4266
1986;4267
1987;4268
1988;4269
1989;4271
1990;4272
1991;4273
1992;4274
1993;4275
1994;4276
1995;4277
1996;4278
1997;4279
1998;4280
1999;4282
2000;4283
2001;4284
2002;4285
2003;4286
2004;4287
2005;4288
2006;4289
2007;4290
2008;4291
2009;4293
2010;4294
2011;4295
2012;4296
2013;4297
2014;4298
2015;4299
2016;4300
2017;4301
2018;4302
2019;4305
2020;4306
2021;4307
2022;4308
2023;4309
2024;4310
2025;4311
2026;4312
2027;4313
2028;4315
2029;4316
2030;4317
2031;4318
2032;4319
2033;4320
2034;4321
2035;4322
2036;4323
2037;4324
2038;4326
2039;4327
2040;4328
2041;4329
2042;4330
2043;4331
2044;4332
2045;4333
2046;4334
2047;4335
2048;4337
2049;4338
2050;4339
2051;4340
2052;4341
2053;4342
2054;4343
2055;4344
2056;4345
2057;4346
2058;4348
2059;4349
2060;4350
2061;4351
2062;4352
2063;4353
2064;4354
2065;4355
2066;4356
2067;4357
2068;4359
2069;4360
2070;4361
2071;4362
2072;4363
2073;4364
2074;4365
2075;4366
2076;4367
2077;4368
2078;4371
2079;4372
2080;4373
2081;4374
2082;4375
2083;4376
2084;4377
2085;4378
2086;4379
2087;4381
2088;4382
2089;4383
2090;4384
2091;4385
2092;4386
2093;4387
2094;4388
2095;4389
2096;4390
2097;4392
2098;4393
2099;4394
2100;4395
2101;4396
2102;4397
2103;4398
2104;4399
2105;4400
2106;4401
2107;4403
2108;4404
2109;4405
2110;4406
2111;4407
2112;4408
2113;4409
2114;4410
2115;4411
2116;4412
2117;4414
2118;4415
2119;4416
2120;4417
2121;4418
2122;4419
2123;4420
2124;4421
2125;4422
2126;4423
2127;4425
2128;4426
2129;4427
2130;4428
2131;4429
2132;4430
2133;4431
2134;4432
2135;4433
2136;4434
2137;4436
2138;4437
2139;4438
2140;4439
2141;4440
2142;4441
2143;4442
2144;4443
2145;4444
2146;4445
2147;4448
2148;4449
2149;4450
2150;4451
2151;4452
2152;4453
2153;4454
2154;4455
2155;4456
2156;4458
2157;4459
2158;4460
2159;4461
2160;4462
2161;4463
2162;4464
2163;4465
2164;4466
2165;4467
2166;4469
2167;4470
2168;4471
2169;4472
2170;4473
2171;4474
2172;4475
2173;4476
2174;4477
2175;4478
2176;4480
2177;4481
2178;4482
2179;4483
2180;4484
2181;4485
2182;4486
2183;4487
2184;4488
2185;4489
2186;4491
2187;4492
2188;4493
2189;4494
2190;4495
2191;4496
2192;4497
2193;4498
2194;4499
2195;4500
2196;4502
2197;4503
2198;4504
2199;4505
2200;4506
2201;4507
2202;4508
2203;4509
2204;4510
2205;4511
2206;4513
2207;4514
2208;4515
2209;4516
2210;4517
2211;4518
2212;4519
2213;4520
2214;4521
2215;4522
2216;4524
2217;4525
2218;4526
2219;4527
2220;4528
2221;4529
2222;4530
2223;4531
2224;4532
2225;4533
2226;4536
2227;4537
2228;4538
2229;4539
2230;4540
2231;4541
2232;4542
2233;4543
2234;4544
2235;4546
2236;4547
2237;4548
2238;4549
2239;4550
2240;4551
2241;4552
2242;4553
2243;4554
2244;4555
2245;4557
2246;4558
2247;4559
2248;4560
2249;4561
2250;4562
2251;4563
2252;4564
2253;4565
2254;4566
2255;4568
2256;4569
2257;4570
2258;4571
2259;4572
2260;4573
2261;4574
2262;4575
2263;4576
2264;4577
2265;4579
2266;4580
2267;4581
2268;4582
2269;4583
2270;4584
2271;4585
2272;4586
2273;4587
2274;4588
2275;4590
2276;4591
2277;4592
2278;4593
2279;4594
2280;4595
2281;4596
2282;4597
2283;4598
2284;4599
2285;4601
2286;4602
2287;4603
2288;4604
2289;4605
2290;4606
2291;4607
2292;4608
2293;4609
2294;4610
2295;4612
2296;4613
2297;4614
2298;4615
2299;4616
2300;4617
2301;4618
2302;4619
2303;4620
2304;4621
2305;4623
2306;4624
2307;4625
2308;4626
2309;4627
2310;4628
2311;4629
2312;4630
2313;4631
2314;4632
2315;4635
2316;4636
2317;4637
2318;4638
2319;4639
2320;4640
2321;4641
2322;4642
2323;4643
2324;4645
2325;4646
2326;4647
2327;4648
2328;4649
2329;4650
2330;4651
2331;4652
2332;4653
2333;4654
2334;4656
2335;4657
2336;4658
2337;4659
2338;4660
2339;4661
2340;4662
2341;4663
2342;4664
2343;4665
2344;4667
2345;4668
2346;4669
2347;4670
2348;4671
2349;4672
2350;4673
2351;4674
2352;4675
2353;4676
2354;4678
2355;4679
2356;4680
2357;4681
2358;4682
2359;4683
2360;4684
2361;4685
2362;4686
2363;4687
2364;4689
2365;4690
2366;4691
2367;4692
2368;4693
2369;4694
2370;4695
2371;4696
2372;4697
2373;4698
2374;4700
2375;4701
2376;4702
2377;4703
2378;4704
2379;4705
2380;4706
2381;4707
2382;4708
2383;4709
2384;4711
2385;4712
2386;4713
2387;4714
2388;4715
2389;4716
2390;4717
2391;4718
2392;4719
2393;4720
2394;4722
2395;4723
2396;4724
2397;4725
2398;4726
2399;4727
2400;4728
2401;4729
2402;4730
2403;4731
2404;4733
2405;4734
2406;4735
2407;4736
2408;4737
2409;4738
2410;4739
2411;4740
2412;4741
2413;4742
2414;4745
2415;4746
2416;4747
2417;4748
2418;4749
2419;4750
2420;4751
2421;4752
2422;4753
2423;4755
2424;4756
2425;4757
2426;4758
2427;4759
2428;4760
2429;4761
2430;4762
2431;4763
2432;4764
2433;4766
2434;4767
2435;4768
2436;4769
2437;4770
2438;4771
2439;4772
2440;4773
2441;4774
2442;4775
2443;4777
2444;4778
2445;4779
2446;4780
2447;4781
2448;4782
2449;4783
2450;4784
2451;4785
2452;4786
2453;4788
2454;4789
2455;4790
2456;4791
2457;4792
2458;4793
2459;4794
2460;4795
2461;4796
2462;4797
2463;4799
2464;4800
2465;4801
2466;4802
2467;4803
2468;4804
2469;4805
2470;4806
2471;4807
2472;4808
2473;4810
2474;4811
2475;4812
2476;4813
2477;4814
2478;4815
2479;4816
2480;4817
2481;4818
2482;4819
2483;4821
2484;4822
2485;4823
2486;4824
2487;4825
2488;4826
2489;4827
2490;4828
2491;4829
2492;4830
2493;4832
2494;4833
2495;4834
2496;4835
2497;4836
2498;4837
2499;4838
2500;4839
2501;4840
2502;4841
2503;4843
2504;4844
2505;4845
2506;4846
2507;4847
2508;4848
2509;4849
2510;4850
2511;4851
2512;4852
2513;4854
2514;4855
2515;4856
2516;4857
2517;4858
2518;4859
2519;4860
2520;4861
2521;4862
2522;4863
2523;4867
2524;4868
2525;4869
2526;4870
2527;4871
2528;4872
2529;4873
2530;4874
2531;4876
2532;4877
2533;4878
2534;4879
2535;4880
2536;4881
2537;4882
2538;4883
2539;4884
2540;4885
2541;4887
2542;4888
2543;4889
2544;4890
2545;4891
2546;4892
2547;4893
2548;4894
2549;4895
2550;4896
2551;4898
2552;4899
2553;4900
2554;4901
2555;4902
2556;4903
2557;4904
2558;4905
2559;4906
2560;4907
2561;4909
2562;4910
2563;4911
2564;4912
2565;4913
2566;4914
2567;4915
2568;4916
2569;4917
2570;4918
2571;4920
2572;4921
2573;4922
2574;4923
2575;4924
2576;4925
2577;4926
2578;4927
2579;4928
2580;4929
2581;4931
2582;4932
2583;4933
2584;4934
2585;4935
2586;4936
2587;4937
2588;4938
2589;4939
2590;4940
2591;4942
2592;4943
2593;4944
2594;4945
2595;4946
2596;4947
2597;4948
2598;4949
2599;4950
2600;4951
2601;4953
2602;4954
2603;4955
2604;4956
2605;4957
2606;4958
2607;4959
2608;4960
2609;4961
2610;4962
2611;4964
2612;4965
2613;4966
2614;4967
2615;4968
2616;4969
2617;4970
2618;4971
2619;4972
2620;4973
2621;4975
2622;4976
2623;4977
2624;4978
2625;4979
2626;4980
2627;4981
2628;4982
2629;4983
2630;4984
2631;4986
2632;4987
2633;4988
2634;4989
2635;4990
2636;4991
2637;4992
2638;4993
2639;4994
2640;4995
2641;5004
2642;5005
2643;5008
2644;5009
2645;5010
2646;5013
2647;5014
2648;5015
2649;5016
2650;5019
2651;5020
2652;5021
2653;5022
2654;5023
2655;5026
2656;5027
2657;5028
2658;5029
2659;5030
2660;5031
2661;5034
2662;5035
2663;5036
2664;5037
2665;5038
2666;5039
2667;5040
2668;5043
2669;5044
2670;5045
2671;5046
2672;5047
2673;5048
2674;5049
2675;5050
2676;5054
2677;5055
2678;5056
2679;5057
2680;5058
2681;5059
2682;5060
2683;5061
2684;5070
2685;5071
2686;5074
2687;5075
2688;5076
2689;5079
2690;5080
2691;5081
2692;5082
2693;5085
2694;5086
2695;5087
2696;5088
2697;5089
2698;5092
2699;5093
2700;5094
2701;5095
2702;5096
2703;5097
2704;5100
2705;5101
2706;5102
2707;5103
2708;5104
2709;5105
2710;5106
2711;5109
2712;5110
2713;5111
2714;5112
2715;5113
2716;5114
2717;5115
2718;5116
2719;5120
2720;5121
2721;5122
2722;5123
2723;5124
2724;5125
2725;5126
2726;5127
2727;5136
2728;5137
2729;5140
2730;5141
2731;5142
2732;5145
2733;5146
2734;5147
2735;5148
2736;5151
2737;5152
2738;5153
2739;5154
2740;5155
2741;5158
2742;5159
2743;5160
2744;5161
2745;5162
2746;5163
2747;5166
2748;5167
2749;5168
2750;5169
2751;5170
2752;5171
2753;5172
2754;5175
2755;5176
2756;5177
2757;5178
2758;5179
2759;5180
2760;5181
2761;5182
2762;5186
2763;5187
2764;5188
2765;5189
2766;5190
2767;5191
2768;5192
2769;5193
2770;5202
2771;5203
2772;5206
2773;5207
2774;5208
2775;5211
2776;5212
2777;5213
2778;5214
2779;5217
2780;5218
2781;5219
2782;5220
2783;5221
2784;5224
2785;5225
2786;5226
2787;5227
2788;5228
2789;5229
2790;5232
2791;5233
2792;5234
2793;5235
2794;5236
2795;5237
2796;5238
2797;5241
2798;5242
2799;5243
2800;5244
2801;5245
2802;5246
2803;5247
2804;5248
2805;5252
2806;5253
2807;5254
2808;5255
2809;5256
2810;5257
2811;5258
2812;5259
2813;5268
2814;5269
2815;5272
2816;5273
2817;5274
2818;5277
2819;5278
2820;5279
2821;5280
2822;5283
2823;5284
2824;5285
2825;5286
2826;5287
2827;5290
2828;5291
2829;5292
2830;5293
2831;5294
2832;5295
2833;5298
2834;5299
2835;5300
2836;5301
2837;5302
2838;5303
2839;5304
2840;5307
2841;5308
2842;5309
2843;5310
2844;5311
2845;5312
2846;5313
2847;5314
2848;5317
2849;5318
2850;5319
2851;5320
2852;5321
2853;5322
2854;5323
2855;5324
2856;5325
2857;5331
2858;5334
2859;5335
2860;5338
2861;5339
2862;5340
2863;5343
2864;5344
2865;5345
2866;5346
2867;5349
2868;5350
2869;5351
2870;5352
2871;5353
2872;5356
2873;5357
2874;5358
2875;5359
2876;5360
2877;5361
2878;5364
2879;5365
2880;5366
2881;5367
2882;5368
2883;5369
2884;5370
2885;5373
2886;5374
2887;5375
2888;5376
2889;5377
2890;5378
2891;5379
2892;5380
2893;5383
2894;5384
2895;5385
2896;5386
2897;5387
2898;5388
2899;5389
2900;5390
2901;5391
2902;5397
2903;5400
2904;5401
2905;5404
2906;5405
2907;5406
2908;5409
2909;5410
2910;5411
2911;5412
2912;5415
2913;5416
2914;5417
2915;5418
2916;5419
2917;5422
2918;5423
2919;5424
2920;5425
2921;5426
2922;5427
2923;5430
2924;5431
2925;5432
2926;5433
2927;5434
2928;5435
2929;5436
2930;5439
2931;5440
2932;5441
2933;5442
2934;5443
2935;5444
2936;5445
2937;5446
2938;5449
2939;5450
2940;5451
2941;5452
2942;5453
2943;5454
2944;5455
2945;5456
2946;5457
2947;5463
2948;5466
2949;5467
2950;5470
2951;5471
2952;5472
2953;5475
2954;5476
2955;5477
2956;5478
2957;5481
2958;5482
2959;5483
2960;5484
2961;5485
2962;5488
2963;5489
2964;5490
2965;5491
2966;5492
2967;5493
2968;5496
2969;5497
2970;5498
2971;5499
2972;5500
2973;5501
2974;5502
2975;5505
2976;5506
2977;5507
2978;5508
2979;5509
2980;5510
2981;5511
2982;5512
2983;5515
2984;5516
2985;5517
2986;5518
2987;5519
2988;5520
2989;5521
2990;5522
2991;5523
2992;5529
2993;5532
2994;5533
2995;5536
2996;5537
2997;5538
2998;5541
2999;5542
3000;5543
3001;5544
3002;5547
3003;5548
3004;5549
3005;5550
3006;5551
3007;5554
3008;5555
3009;5556
3010;5557
3011;5558
3012;5559
3013;5562
3014;5563
3015;5564
3016;5565
3017;5566
3018;5567
3019;5568
3020;5571
3021;5572
3022;5573
3023;5574
3024;5575
3025;5576
3026;5577
3027;5578
3028;5581
3029;5582
3030;5583
3031;5584
3032;5585
3033;5586
3034;5587
3035;5588
3036;5589
3037;5595
3038;5598
3039;5599
3040;5602
3041;5603
3042;5604
3043;5607
3044;5608
3045;5609
3046;5610
3047;5613
3048;5614
3049;5615
3050;5616
3051;5617
3052;5620
3053;5621
3054;5622
3055;5623
3056;5624
3057;5625
3058;5628
3059;5629
3060;5630
3061;5631
3062;5632
3063;5633
3064;5634
3065;5637
3066;5638
3067;5639
3068;5640
3069;5641
3070;5642
3071;5643
3072;5644
3073;5647
3074;5648
3075;5649
3076;5650
3077;5651
3078;5652
3079;5653
3080;5654
3081;5655
3082;5661
3083;5664
3084;5665
3085;5668
3086;5669
3087;5670
3088;5673
3089;5674
3090;5675
3091;5676
3092;5679
3093;5680
3094;5681
3095;5682
3096;5683
3097;5686
3098;5687
3099;5688
3100;5689
3101;5690
3102;5691
3103;5694
3104;5695
3105;5696
3106;5697
3107;5698
3108;5699
3109;5700
3110;5703
3111;5704
3112;5705
3113;5706
3114;5707
3115;5708
3116;5709
3117;5710
3118;5713
3119;5714
3120;5715
3121;5716
3122;5717
3123;5718
3124;5719
3125;5720
3126;5721
3127;5727
3128;5730
3129;5731
3130;5734
3131;5735
3132;5736
3133;5739
3134;5740
3135;5741
3136;5742
3137;5745
3138;5746
3139;5747
3140;5748
3141;5749
3142;5752
3143;5753
3144;5754
3145;5755
3146;5756
3147;5757
3148;5760
3149;5761
3150;5762
3151;5763
3152;5764
3153;5765
3154;5766
3155;5769
3156;5770
3157;5771
3158;5772
3159;5773
3160;5774
3161;5775
3162;5776
3163;5779
3164;5780
3165;5781
3166;5782
3167;5783
3168;5784
3169;5785
3170;5786
3171;5787
3172;5796
3173;5797
3174;5800
3175;5801
3176;5802
3177;5805
3178;5806
3179;5807
3180;5808
3181;5811
3182;5812
3183;5813
3184;5814
3185;5815
3186;5818
3187;5819
3188;5820
3189;5821
3190;5822
3191;5823
3192;5826
3193;5827
3194;5828
3195;5829
3196;5830
3197;5831
3198;5832
3199;5835
3200;5836
3201;5837
3202;5838
3203;5839
3204;5840
3205;5841
3206;5842
3207;5845
3208;5846
3209;5847
3210;5848
3211;5849
3212;5850
3213;5851
3214;5852
3215;5853
3216;5854
3217;5855
3218;5856
3219;5857
3220;5858
3221;5859
3222;5860
3223;5861
3224;5862
3225;5863
3226;5864
3227;5865
3228;5866
3229;5867
3230;5868
3231;5869
3232;5870
3233;5871
3234;5872
3235;5873
3236;5874
3237;5875
3238;5876
3239;5877
3240;5878
3241;5879
3242;5880
3243;5881
3244;5882
3245;5883
3246;5884
3247;5885
3248;5886
3249;5887
3250;5888
3251;5889
3252;5890
3253;5891
3254;5892
3255;5893
3256;5894
3257;5895
3258;5896
3259;5897
3260;5898
3261;5899
3262;5900
3263;5901
3264;5902
3265;5903
3266;5904
3267;5905
3268;5906
3269;5907
3270;5908
3271;5909
3272;5910
3273;5911
3274;5912
3275;5913
3276;5914
3277;5915
3278;5916
3279;5917
3280;5918
3281;5919
3282;5920
3283;5921
3284;5922
3285;5923
3286;5924
3287;5925
3288;5926
3289;5927
3290;5928
3291;5929
3292;5930
3293;5931
3294;5932
3295;5933
3296;5934
3297;5935
3298;5936
3299;5937
3300;5938
3301;5939
3302;5940
3303;5941
3304;5942
3305;5943
3306;5944
3307;5945
3308;5946
3309;5947
3310;5948
3311;5949
3312;5950
3313;5951
3314;5952
3315;5953
3316;5954
3317;5955
3318;5956
3319;5957
3320;5958
3321;5959
3322;5960
3323;5961
3324;5962
3325;5963
3326;5964
3327;5965
3328;5966
3329;5967
3330;5968
3331;5969
3332;5970
3333;5971
3334;5972
3335;5973
3336;5974
3337;5975
3338;5976
3339;5977
3340;5978
3341;5979
3342;5980
3343;5981
3344;5982
3345;5983
3346;5984
3347;5985
3348;5986
3349;5987
3350;5988
3351;5989
3352;5990
3353;5991
3354;5992
3355;5993
3356;5994
3357;5995
3358;5996
3359;5997
3360;5998
3361;5999
3362;6000
3363;6001
3364;6002
3365;6003
3366;6004
3367;6005
3368;6006
3369;6007
3370;6008
3371;6009
3372;6010
3373;6011
3374;6012
3375;6013
3376;6014
3377;6015
3378;6016
3379;6017
3380;6018
3381;6019
3382;6020
3383;6021
3384;6022
3385;6023
3386;6024
3387;6025
3388;6026
3389;6027
3390;6028
3391;6029
3392;6030
3393;6031
3394;6032
3395;6033
3396;6034
3397;6035
3398;6036
3399;6037
3400;6038
3401;6039
3402;6040
3403;6041
3404;6042
3405;6043
3406;6044
3407;6045
3408;6046
3409;6047
3410;6048
3411;6049
3412;6050
3413;6051
3414;6052
3415;6053
3416;6054
3417;6055
3418;6056
3419;6057
3420;6058
3421;6059
3422;6060
3423;6061
3424;6062
3425;6063
3426;6064
3427;6065
3428;6066
3429;6067
3430;6068
3431;6069
3432;6070
3433;6071
3434;6072
3435;6073
3436;6074
3437;6075
3438;6076
3439;6077
3440;6078
3441;6079
3442;6080
3443;6081
3444;6082
3445;6083
3446;6084
3447;6085
3448;6086
3449;6087
3450;6088
3451;6089
3452;6090
3453;6091
3454;6092
3455;6093
3456;6094
3457;6095
3458;6096
3459;6097
3460;6098
3461;6099
3462;6100
3463;6101
3464;6102
3465;6103
3466;6104
3467;6105
3468;6106
3469;6107
3470;6108
3471;6109
3472;6110
3473;6111
3474;6112
3475;6113
3476;6114
3477;6115
3478;6116
3479;6117
3480;6118
3481;6119
3482;6120
3483;6121
3484;6122
3485;6123
3486;6124
3487;6125
3488;6126
3489;6127
3490;6128
3491;6129
3492;6130
3493;6131
3494;6132
3495;6133
3496;6134
3497;6135
3498;6136
3499;6137
3500;6138
3501;6139
3502;6140
3503;6141
3504;6142
3505;6143
3506;6144
3507;6145
3508;6146
3509;6147
3510;6148
3511;6149
3512;6150
3513;6151
3514;6152
3515;6153
3516;6154
3517;6155
3518;6156
3519;6157
3520;6158
3521;6159
3522;6160
3523;6161
3524;6162
3525;6163
3526;6164
3527;6165
3528;6166
3529;6167
3530;6168
3531;6169
3532;6170
3533;6171
3534;6172
3535;6173
3536;6174
3537;6175
3538;6176
3539;6177
3540;6178
3541;6179
3542;6180
3543;6181
3544;6182
3545;6183
3546;6184
3547;6185
3548;6186
3549;6187
3550;6188
3551;6189
3552;6190
3553;6191
3554;6192
3555;6193
3556;6194
3557;6195
3558;6196
3559;6197
3560;6198
3561;6199
3562;6200
3563;6201
3564;6202
3565;6203
3566;6204
3567;6205
3568;6206
3569;6207
3570;6208
3571;6209
3572;6210
3573;6211
3574;6212
3575;6213
3576;6214
3577;6215
3578;6216
3579;6217
3580;6218
3581;6219
3582;6220
3583;6221
3584;6222
3585;6223
3586;6224
3587;6225
3588;6226
3589;6227
3590;6228
3591;6229
3592;6230
3593;6231
3594;6232
3595;6233
3596;6234
3597;6235
3598;6236
3599;6237
3600;6238
3601;6239
3602;6240
3603;6241
3604;6242
3605;6243
3606;6244
3607;6245
3608;6246
3609;6247
3610;6248
3611;6249
3612;6250
3613;6251
3614;6252
3615;6253
3616;6254
3617;6255
3618;6256
3619;6257
3620;6258
3621;6259
3622;6260
3623;6261
3624;6262
3625;6263
3626;6264
3627;6265
3628;6266
3629;6267
3630;6268
3631;6269
3632;6270
3633;6271
3634;6272
3635;6273
3636;6274
3637;6275
3638;6276
3639;6277
3640;6278
3641;6279
3642;6280
3643;6281
3644;6282
3645;6283
3646;6284
3647;6285
3648;6286
3649;6287
3650;6288
3651;6289
3652;6290
3653;6291
3654;6292
3655;6293
3656;6294
3657;6295
3658;6296
3659;6297
3660;6298
3661;6299
3662;6300
3663;6301
3664;6302
3665;6303
3666;6304
3667;6305
3668;6306
3669;6307
3670;6308
3671;6309
3672;6310
3673;6311
3674;6312
3675;6313
3676;6314
3677;6315
3678;6316
3679;6317
3680;6318
3681;6319
3682;6320
3683;6321
3684;6322
3685;6323
3686;6324
3687;6325
3688;6326
3689;6327
3690;6328
3691;6329
3692;6330
3693;6331
3694;6332
3695;6333
3696;6334
3697;6335
3698;6336
3699;6337
3700;6338
3701;6339
3702;6340
3703;6341
3704;6342
3705;6343
3706;6344
3707;6345
3708;6346
3709;6347
3710;6348
3711;6349
3712;6350
3713;6351
3714;6352
3715;6353
3716;6354
3717;6355
3718;6356
3719;6357
3720;6358
3721;6359
3722;6360
3723;6361
3724;6362
3725;6363
3726;6364
3727;6365
3728;6366
3729;6367
3730;6368
3731;6369
3732;6370
3733;6371
3734;6372
3735;6373
3736;6374
3737;6375
3738;6376
3739;6377
3740;6378
3741;6379
3742;6380
3743;6381
3744;6382
3745;6383
3746;6384
3747;6385
3748;6386
3749;6387
3750;6388
3751;6389
3752;6390
3753;6391
3754;6392
3755;6393
3756;6394
3757;6395
3758;6396
3759;6397
3760;6398
3761;6399
3762;6400
3763;6401
3764;6402
3765;6403
3766;6404
3767;6405
3768;6406
3769;6407
3770;6408
3771;6409
3772;6410
3773;6411
3774;6412
3775;6413
3776;6414
3777;6415
3778;6416
3779;6417
3780;6418
3781;6419
3782;6420
3783;6421
3784;6422
3785;6423
3786;6424
3787;6425
3788;6426
3789;6427
3790;6428
3791;6429
3792;6430
3793;6431
3794;6432
3795;6433
3796;6434
3797;6435
3798;6436
3799;6437
3800;6438
3801;6439
3802;6440
3803;6441
3804;6442
3805;6443
3806;6444
3807;6445
3808;6446
3809;6447
3810;6448
3811;6449
3812;6450
3813;6451
3814;6452
3815;6453
3816;6454
3817;6455
3818;6456
3819;6457
3820;6458
3821;6459
3822;6460
3823;6461
3824;6462
3825;6463
3826;6464
3827;6465
3828;6466
3829;6467
3830;6468
3831;6469
3832;6470
3833;6471
3834;6472
3835;6473
3836;6474
3837;6475
3838;6476
3839;6477
3840;6478
3841;6479
3842;6480
3843;6481
3844;6482
3845;6483
3846;6484
3847;6485
3848;6486
3849;6487
3850;6488
3851;6489
3852;6490
3853;6491
3854;6492
3855;6493
3856;6494
3857;6495
3858;6496
3859;6497
3860;6498
3861;6499
3862;6500
3863;6501
3864;6502
3865;6503
3866;6504
3867;6505
3868;6506
3869;6507
3870;6508
3871;6509
3872;6510
3873;6511
3874;6512
3875;6513
3876;6514
3877;6515
3878;6516
3879;6517
3880;6518
3881;6519
3882;6520
3883;6521
3884;6522
3885;6523
3886;6524
3887;6525
3888;6526
3889;6527
3890;6528
3891;6529
3892;6530
3893;6531
3894;6532
3895;6533
3896;6534
3897;6535
3898;6536
3899;6537
3900;6538
3901;6539
3902;6540
3903;6541
3904;6542
3905;6543
3906;6544
3907;6545
3908;6546
3909;6547
3910;6548
3911;6549
3912;6550
3913;6551
3914;6552
3915;6553
3916;6554
3917;6555
3918;6556
3919;6557
3920;6558
3921;6559
3922;6560
3923;6561
3924;6562
3925;6563
3926;6564
3927;6565
3928;6566
3929;6567
3930;6568
3931;6569
3932;6570
3933;6571
3934;6572
3935;6573
3936;6574
3937;6575
3938;6576
3939;6577
3940;6578
3941;6579
3942;6580
3943;6581
3944;6582
3945;6583
3946;6584
3947;6585
3948;6586
3949;6587
3950;6588
3951;6589
3952;6590
3953;6591
3954;6592
3955;6593
3956;6594
3957;6595
3958;6596
3959;6597
3960;6598
3961;6599
3962;6600
3963;6601
3964;6602
3965;6603
3966;6604
3967;6605
3968;6606
3969;6607
3970;6608
3971;6609
3972;6610
3973;6611
3974;6612
3975;6613
3976;6614
3977;6615
3978;6616
3979;6617
3980;6618
3981;6619
3982;6620
3983;6621
3984;6622
3985;6623
3986;6624
3987;6625
3988;6626
3989;6627
3990;6628
3991;6629
3992;6630
3993;6631
3994;6632
3995;6633
3996;6634
3997;6635
3998;6636
3999;6637
4000;6638
4001;6639
4002;6640
4003;6641
4004;6642
4005;6643
4006;6644
4007;6645
4008;6646
4009;6647
4010;6648
4011;6649
4012;6650
4013;6651
4014;6652
4015;6653
4016;6654
4017;6655
4018;6656
4019;6657
4020;6658
4021;6659
4022;6660
4023;6661
4024;6662
4025;6663
4026;6664
4027;6665
4028;6666
4029;6667
4030;6668
4031;6669
4032;6670
4033;6671
4034;6672
4035;6673
4036;6674
4037;6675
4038;6676
4039;6677
4040;6678
4041;6679
4042;6680
4043;6681
4044;6682
4045;6683
4046;6684
4047;6685
4048;6686
4049;6687
4050;6688
4051;6689
4052;6690
4053;6691
4054;6692
4055;6693
4056;6694
4057;6695
4058;6696
4059;6697
4060;6698
4061;6699
4062;6700
4063;6701
4064;6702
4065;6703
4066;6704
4067;6705
4068;6706
4069;6707
4070;6708
4071;6709
4072;6710
4073;6711
4074;6712
4075;6713
4076;6714
4077;6715
4078;6716
4079;6717
4080;6718
4081;6719
4082;6720
4083;6721
4084;6722
4085;6723
4086;6724
4087;6725
4088;6726
4089;6727
4090;6728
4091;6729
4092;6730
4093;6731
4094;6732
4095;6733
4096;6734
4097;6735
4098;6736
4099;6737
4100;6738
4101;6739
4102;6740
4103;6741
4104;6742
4105;6743
4106;6744
4107;6745
4108;6746
4109;6747
4110;6748
4111;6749
4112;6750
4113;6751
4114;6752
4115;6753
4116;6754
4117;6755
4118;6756
4119;6757
4120;6758
4121;6759
4122;6760
4123;6761
4124;6762
4125;6763
4126;6764
4127;6765
4128;6766
4129;6767
4130;6768
4131;6769
4132;6770
4133;6771
4134;6772
4135;6773
4136;6774
4137;6775
4138;6776
4139;6777
4140;6778
4141;6779
4142;6780
4143;6781
4144;6782
4145;6783
4146;6784
4147;6785
4148;6786
4149;6787
4150;6788
4151;6789
4152;6790
4153;6791
4154;6792
4155;6793
4156;6794
4157;6795
4158;6796
4159;6797
4160;6798
4161;6799
4162;6800
4163;6801
4164;6802
4165;6803
4166;6804
4167;6805
4168;6806
4169;6807
4170;6808
4171;6809
4172;6810
4173;6811
4174;6812
4175;6813
4176;6814
4177;6815
4178;6816
4179;6817
4180;6818
4181;6819
4182;6820
4183;6821
4184;6822
4185;6823
4186;6824
4187;6825
4188;6826
4189;6827
4190;6828
4191;6829
4192;6830
4193;6831
4194;6832
4195;6833
4196;6834
4197;6835
4198;6836
4199;6837
4200;6838
4201;6839
4202;6840
4203;6841
4204;6842
4205;6843
4206;6844
4207;6845
4208;6846
4209;6847
4210;6848
4211;6849
4212;6850
4213;6851
4214;6852
4215;6853
4216;6854
4217;6855
4218;6856
4219;6857
4220;6858
4221;6859
4222;6860
4223;6861
4224;6862
4225;6863
4226;6864
4227;6865
4228;6866
4229;6867
4230;6868
4231;6869
4232;6870
4233;6871
4234;6872
4235;6873
4236;6874
4237;6875
4238;6876
4239;6877
4240;6878
4241;6879
4242;6880
4243;6881
4244;6882
4245;6883
4246;6884
4247;6885
4248;6886
4249;6887
4250;6888
4251;6889
4252;6890
4253;6891
4254;6892
4255;6893
4256;6894
4257;6895
4258;6896
4259;6897
4260;6898
4261;6899
4262;6900
4263;6901
4264;6902
4265;6903
4266;6904
4267;6905
4268;6906
4269;6907
4270;6908
4271;6909
4272;6910
4273;6911
4274;6912
4275;6913
4276;6914
4277;6915
4278;6916
4279;6917
4280;6918
4281;6919
4282;6920
4283;6921
4284;6922
4285;6923
4286;6924
4287;6925
4288;6926
4289;6927
4290;6928
4291;6929
4292;6930
4293;6931
4294;6932
4295;6933
4296;6934
4297;6935
4298;6936
4299;6937
4300;6938
4301;6939
4302;6940
4303;6941
4304;6942
4305;6943
4306;6944
4307;6945
4308;6946
4309;6947
4310;6948
4311;6949
4312;6950
4313;6951
4314;6952
4315;6953
4316;6954
4317;6955
4318;6956
4319;6957
4320;6958
4321;6959
4322;6960
4323;6961
4324;6962
4325;6963
4326;6964
4327;6965
4328;6966
4329;6967
4330;6968
4331;6969
4332;6970
4333;6971
4334;6972
4335;6973
4336;6974
4337;6975
4338;6976
4339;6977
4340;6978
4341;6979
4342;6980
4343;6981
4344;6982
4345;6983
4346;6984
4347;6985
4348;6986
4349;6987
4350;6988
4351;6989
4352;6990
4353;6991
4354;6992
4355;6993
4356;6994
4357;6995
4358;6996
4359;6997
4360;6998
4361;6999
4362;7000
4363;7001
4364;7002
4365;7003
4366;7004
4367;7005
4368;7006
4369;7007
4370;7008
4371;7009
4372;7010
4373;7011
4374;7012
4375;7013
4376;7014
4377;7015
4378;7016
4379;7017
4380;7018
4381;7019
4382;7020
4383;7021
4384;7022
4385;7023
4386;7024
4387;7025
4388;7026
4389;7027
4390;7028
4391;7029
4392;7030
4393;7031
4394;7032
4395;7033
4396;7034
4397;7035
4398;7036
4399;7037
4400;7038
4401;7039
4402;7040
4403;7041
4404;7042
4405;7043
4406;7044
4407;7045
4408;7046
4409;7047
4410;7048
4411;7049
4412;7050
4413;7051
4414;7052
4415;7053
4416;7054
4417;7055
4418;7056
4419;7057
4420;7058
4421;7059
4422;7060
4423;7061
4424;7062
4425;7063
4426;7064
4427;7065
4428;7066
4429;7067
4430;7068
4431;7069
4432;7070
4433;7071
4434;7072
4435;7073
4436;7074
4437;7075
4438;7076
4439;7077
4440;7078
4441;7079
4442;7080
4443;7081
4444;7082
4445;7083
4446;7084
4447;7085
4448;7086
4449;7087
4450;7088
4451;7089
4452;7090
4453;7091
4454;7092
4455;7093
4456;7094
4457;7095
4458;7096
4459;7097
4460;7098
4461;7099
4462;7100
4463;7101
4464;7102
4465;7103
4466;7104
4467;7105
4468;7106
4469;7107
4470;7108
4471;7109
4472;7110
4473;7111
4474;7112
4475;7113
4476;7114
4477;7115
4478;7116
4479;7117
4480;7118
4481;7119
4482;7120
4483;7121
4484;7122
4485;7123
4486;7124
4487;7125
4488;7126
4489;7127
4490;7128
4491;7129
4492;7130
4493;7131
4494;7132
4495;7133
4496;7134
4497;7135
4498;7136
4499;7137
4500;7138
4501;7139
4502;7140
4503;7141
4504;7142
4505;7143
4506;7144
4507;7145
4508;7146
4509;7147
4510;7148
4511;7149
4512;7150
4513;7151
4514;7152
4515;7153
4516;7154
4517;7155
4518;7156
4519;7157
4520;7158
4521;7159
4522;7160
4523;7161
4524;7162
4525;7163
4526;7164
4527;7165
4528;7166
4529;7167
4530;7168
4531;7169
4532;7170
4533;7171
4534;7172
4535;7173
4536;7174
4537;7175
4538;7176
4539;7177
4540;7178
4541;7179
4542;7180
4543;7181
4544;7182
4545;7183
4546;7184
4547;7185
4548;7186
4549;7187
4550;7188
4551;7189
4552;7190
4553;7191
4554;7192
4555;7193
4556;7194
4557;7195
4558;7196
4559;7197
4560;7198
4561;7199
4562;7200
4563;7201
4564;7202
4565;7203
4566;7204
4567;7205
4568;7206
4569;7207
4570;7208
4571;7209
4572;7210
4573;7211
4574;7212
4575;7213
4576;7214
4577;7215
4578;7216
4579;7217
4580;7218
4581;7219
4582;7220
4583;7221
4584;7222
4585;7223
4586;7224
4587;7225
4588;7226
4589;7227
4590;7228
4591;7229
4592;7230
4593;7231
4594;7232
4595;7233
4596;7234
4597;7235
4598;7236
4599;7237
4600;7238
4601;7239
4602;7240
4603;7241
4604;7242
4605;7243
4606;7244
4607;7245
4608;7246
4609;7247
4610;7248
4611;7249
4612;7250
4613;7251
4614;7252
4615;7253
4616;7254
4617;7255
4618;7256
4619;7257
4620;7258
4621;7259
4622;7260
4623;7261
4624;7262
4625;7263
4626;7264
4627;7265
4628;7266
4629;7267
4630;7268
4631;7269
4632;7270
4633;7271
4634;7272
4635;7273
4636;7274
4637;7275
4638;7276
4639;7277
4640;7278
4641;7279
4642;7280
4643;7281
4644;7282
4645;7283
4646;7284
4647;7285
4648;7286
4649;7287
4650;7288
4651;7289
4652;7290
4653;7291
4654;7292
4655;7293
4656;7294
4657;7295
4658;7296
4659;7297
4660;7298
4661;7299
4662;7300
4663;7301
4664;7302
4665;7303
4666;7304
4667;7305
4668;7306
4669;7307
4670;7308
4671;7309
4672;7310
4673;7311
4674;7312
4675;7313
4676;7314
4677;7315
4678;7316
4679;7317
4680;7318
4681;7319
4682;7320
4683;7321
4684;7322
4685;7323
4686;7324
4687;7325
4688;7326
4689;7327
4690;7328
4691;7329
4692;7330
4693;7331
4694;7332
4695;7333
4696;7334
4697;7335
4698;7336
4699;7337
4700;7338
4701;7339
4702;7340
4703;7341
4704;7342
4705;7343
4706;7344
4707;7345
4708;7346
4709;7347
4710;7348
4711;7349
4712;7350
4713;7351
4714;7352
4715;7353
4716;7354
4717;7355
4718;7356
4719;7357
4720;7358
4721;7359
4722;7360
4723;7361
4724;7362
4725;7363
4726;7364
4727;7365
4728;7366
4729;7367
4730;7368
4731;7369
4732;7370
4733;7371
4734;7372
4735;7373
4736;7374
4737;7375
4738;7376
4739;7377
4740;7378
4741;7379
4742;7380
4743;7381
4744;7382
4745;7383
4746;7384
4747;7385
4748;7386
4749;7387
4750;7388
4751;7389
4752;7390
4753;7391
4754;7392
4755;7393
4756;7394
4757;7395
4758;7396
4759;7397
4760;7398
4761;7399
4762;7400
4763;7401
4764;7402
4765;7403
4766;7404
4767;7405
4768;7406
4769;7407
4770;7408
4771;7409
4772;7410
4773;7411
4774;7412
4775;7413
4776;7414
4777;7415
4778;7416
4779;7417
4780;7418
4781;7419
4782;7420
4783;7421
4784;7422
4785;7423
4786;7424
4787;7425
4788;7426
4789;7427
4790;7428
4791;7429
4792;7430
4793;7431
4794;7432
4795;7433
4796;7434
4797;7435
4798;7436
4799;7437
4800;7438
4801;7439
4802;7440
4803;7441
4804;7442
4805;7443
4806;7444
4807;7445
4808;7446
4809;7447
4810;7448
4811;7449
4812;7450
4813;7451
4814;7452
4815;7453
4816;7454
4817;7455
4818;7456
4819;7457
4820;7458
4821;7459
4822;7460
4823;7461
4824;7462
